1,Panel Discussion 1,,Day 1,,
2,Abstract Concurrent Session 1,,Day 1,,
3,Networking Event,,Day 1,,
4,Presidential Welcome,,Day 1,,
5,Plenary Session 1,,Day 1,,
6,Abstract Concurrent Session 2,,Day 1,,
7,Virtual Poster Session 1,,Day 1,,
8,Abstract Concurrent Session 3,,Day 2,,
9,Panel Session 2,,Day 2,,
10,Student Event,,Day 2,,
11,Plenary Session 2,,Day 2,,
12,Hot Topics Session,,Day 2,,
13,Abstract Concurrent Session 4,,Day 2,,
14,Virtual Poster Session ,,Day 2,,
15,Award Winner Presentations,,Day 3,,
16,Panel Session 3,,Day 3,,
17,Networking Event,,Day 3,,
18,Plenary Session 3,,Day 3,,
19,Hot Topics Session,,Day 3,,